"tenant_name","url"
"OSCARS LEASING PTE LTD","https://www.sgcarmart.com/directory/merchant.php?MID=14871"
"EDWIN GARAGE","https://www.sgcarmart.com/directory/merchant.php?MID=16112"
"ECUBE CAR RENTAL PTE LTD","https://www.sgcarmart.com/directory/merchant.php?MID=14777"
"AUTO - INTERIOR UPHOLSTERY SERVICES","https://www.sgcarmart.com/directory/merchant.php?MID=13270"
"REVOL CARZ MAKEOVER PTE LTD","https://www.sgcarmart.com/directory/merchant.php?MID=10971"
"HYPER 21","https://www.sgcarmart.com/directory/merchant.php?MID=17128"
"HIGH SPEED MOTOR PTE LTD (RENTAL & LEASING)","https://www.sgcarmart.com/directory/merchant.php?MID=16984"
"MAX POLISH LLP","https://www.sgcarmart.com/directory/merchant.php?MID=12634"
"PAN PACIFIC VAN & TRUCK LEASING PTE LTD","https://www.sgcarmart.com/directory/merchant.php?MID=14703"
"U AUDIO CAR ACCESSORIES","https://www.sgcarmart.com/directory/merchant.php?MID=11526"
